word,frequency,happiness_average
cancer,8,1.54
war,1,1.8
cry,4,1.84
failed,4,1.84
sadness,1,1.88
diseases,4,1.88
earthquake,1,1.9
fail,37,1.96
disaster,3,1.96
criminal,1,1.98
tumors,2,1.98
depression,1,1.98
punishment,4,2.0
disease,38,2.0
rejection,9,2.02
injury,1,2.04
failure,21,2.06
fails,17,2.06
rejected,3,2.08
suffer,12,2.08
worst,1,2.1
pain,13,2.1
hurts,1,2.14
corruption,3,2.14
drowned,1,2.16
pollution,2,2.16
crime,1,2.2
suffering,2,2.22
fear,1,2.32
poor,7,2.32
frustration,4,2.34
hate,1,2.34
threat,3,2.36
sad,9,2.38
attack,13,2.42
negative,21,2.42
dangerous,3,2.44
attacks,11,2.46
losses,9,2.46
crisis,7,2.48
shot,3,2.5
attacked,1,2.52
useless,1,2.52
failing,10,2.52
destroy,1,2.52
tumor,11,2.53
hurricane,1,2.54
harm,4,2.54
loss,46,2.56
stroke,10,2.58
lying,1,2.58
blind,6,2.58
damage,4,2.58
error,71,2.6
lie,5,2.6
lies,9,2.62
violated,1,2.62
losing,1,2.62
curse,2,2.64
bad,2,2.64
penalties,1,2.66
loneliness,1,2.66
tensions,1,2.66
injuries,2,2.68
distress,1,2.7
fight,1,2.7
taxes,3,2.7
waste,2,2.7
worse,5,2.7
violation,2,2.74
lost,5,2.76
neglect,1,2.76
lose,1,2.76
fighting,1,2.76
unfortunately,2,2.76
trouble,1,2.78
fever,1,2.78
wasted,1,2.78
burden,7,2.82
discrimination,17,2.82
disabled,2,2.82
buried,2,2.84
neglected,2,2.84
penalty,2,2.84
weak,20,2.84
incorrect,5,2.84
infection,5,2.84
errors,25,2.86
violations,3,2.86
tax,17,2.86
stress,7,2.86
threats,3,2.88
collapse,28,2.9
fake,1,2.9
debt,1,2.9
impossible,5,2.9
mistakes,3,2.92
problems,54,2.92
breakdown,2,2.94
tension,5,2.94
nervous,1,2.94
weakness,1,2.94
conflicts,8,2.96
ignorance,1,2.98
missing,21,2.98
insecure,1,2.98
problem,109,2.98
argues,4,3.0
argue,20,3.0
broken,3,3.02
anxiety,2,3.03
arguments,5,3.04
greedy,3,3.04
complaints,1,3.04
bored,1,3.04
rat,1,3.04
rotting,5,3.04
emergency,1,3.06
inadequate,4,3.06
dumb,1,3.06
aging,5,3.06
arguing,3,3.06
difficulties,4,3.08
decline,6,3.08
deficit,1,3.08
decay,6,3.08
execution,26,3.1
defects,2,3.1
unable,3,3.1
conflict,16,3.1
regret,8,3.12
argument,6,3.14
isolation,8,3.14
avoid,3,3.14
disorder,15,3.14
dismissed,2,3.14
lack,33,3.16
forced,4,3.16
doubt,1,3.16
severe,21,3.16
declined,1,3.16
disorders,8,3.16
garbage,1,3.18
difficult,31,3.18
false,8,3.18
inferior,5,3.2
defeat,1,3.2
drug,6,3.2
defect,2,3.21
captured,13,3.22
forget,1,3.22
freezing,1,3.22
critical,86,3.22
wasting,1,3.22
fell,1,3.22
ignore,3,3.22
delayed,8,3.24
lazy,2,3.28
nuclear,6,3.28
conspiracy,1,3.28
falling,1,3.28
rats,1,3.29
lowest,6,3.3
confusion,4,3.32
opposed,2,3.32
alone,32,3.32
cannot,21,3.32
restrictions,3,3.32
expenses,1,3.32
ignored,1,3.32
traffic,16,3.34
warning,4,3.34
never,15,3.34
complicated,3,3.34
vulnerable,7,3.34
injection,5,3.35
syndrome,1,3.36
argued,2,3.36
critic,2,3.36
weapon,1,3.36
hunger,1,3.37
eliminated,2,3.38
difficulty,25,3.38
delay,2,3.38
deception,4,3.39
separated,4,3.4
against,49,3.4
struggle,33,3.4
cut,1,3.42
can't,1,3.42
obsessed,1,3.42
erroneous,3,3.42
fault,3,3.44
trap,1,3.44
confined,2,3.44
delays,7,3.44
zero,16,3.44
radiation,1,3.45
refuse,1,3.46
misunderstood,1,3.46
chaos,8,3.46
isolated,13,3.46
urine,3,3.47
unlikely,2,3.48
opposition,1,3.48
no,52,3.48
opponents,2,3.48
pressures,1,3.49
hospital,3,3.5
apart,1,3.52
fallen,1,3.52
separation,16,3.53
shock,1,3.54
without,118,3.54
expensive,18,3.54
taxation,1,3.55
runaway,3,3.56
confusing,1,3.56
empty,1,3.56
restricted,11,3.57
leaving,17,3.58
absence,10,3.58
gossip,1,3.58
falls,6,3.6
mistaken,1,3.6
risk,57,3.62
limitations,60,3.62
doesn't,1,3.62
incompletely,1,3.62
nobody,1,3.64
uncertainty,49,3.64
miss,4,3.64
disappear,1,3.65
down,6,3.66
patients,21,3.66
closed,6,3.66
outdated,3,3.66
low,31,3.66
pressure,9,3.66
missed,3,3.68
waiting,6,3.68
disagree,2,3.68
mean,42,3.68
remove,6,3.7
don't,1,3.7
demanding,6,3.7
lacking,7,3.71
crowded,2,3.71
gross,1,3.72
fewer,13,3.72
removed,4,3.72
operation,7,3.72
noise,52,3.74
wait,1,3.74
last,6,3.74
symptoms,3,3.76
void,1,3.76
battles,1,3.78
court,1,3.78
unnecessary,3,3.78
bugs,1,3.78
risks,20,3.78
exams,1,3.78
slow,16,3.78
chronic,3,3.79
costs,26,3.8
fire,3,3.8
aggressive,1,3.8
eliminate,3,3.82
blood,4,3.82
hardest,1,3.82
erased,2,3.82
forgetting,8,3.82
dark,7,3.82
fragile,10,3.83
offline,16,3.84
none,5,3.84
armed,1,3.84
not,242,3.86
subjected,1,3.86
sanctions,2,3.86
uncertain,1,3.88
restless,5,3.88
artificial,49,3.9
impose,4,3.9
misses,1,3.9
issues,16,3.9
absent,11,3.9
stop,6,3.9
opponent,3,3.9
alarm,1,3.9
omitted,1,3.92
executed,5,3.94
darker,1,3.94
minus,1,3.96
unclear,28,3.96
trial,2,3.96
loose,1,3.96
expense,3,3.96
slam,7,3.98
old,1,3.98
demands,8,3.98
diagnosis,17,3.98
hardly,1,3.98
breaking,6,3.98
racial,5,4.0
force,2,4.0
roughly,4,4.0
limits,29,4.0
least,11,4.0
defensive,1,4.0
distant,3,4.02
incident,2,4.02
block,10,4.02
investigation,6,4.02
off,3,4.02
dropping,3,4.02
consequences,11,4.02
ending,1,4.02
unknown,14,4.04
dominated,6,4.04
fade,1,4.04
fall,8,4.04
unlike,33,4.04
concern,5,4.04
reduction,25,4.04
concerns,10,4.06
test,53,4.06
toll,3,4.06
stopping,8,4.08
conservatives,2,4.08
cutting,1,4.08
enforcement,4,4.1
less,28,4.1
conviction,2,4.1
heavy,4,4.1
pushed,1,4.1
liability,2,4.1
cost,67,4.1
erase,1,4.1
sacrifice,1,4.1
hard,10,4.1
political,19,4.12
reductions,4,4.12
twisted,4,4.12
shallow,4,4.12
decrease,5,4.12
strict,17,4.13
minimum,7,4.14
demand,25,4.14
pushing,1,4.14
clinic,1,4.16
heat,23,4.16
strangers,1,4.16
gambling,1,4.16
acute,4,4.16
vice,1,4.16
implications,20,4.17
capture,75,4.18
exam,1,4.18
reduce,21,4.18
prey,2,4.18
forces,9,4.18
chemical,9,4.18
dis,1,4.18
underlying,56,4.19
exposed,2,4.2
politically,1,4.2
default,9,4.2
legislators,2,4.2
periods,2,4.2
beat,1,4.2
levy,1,4.2
due,77,4.22
loan,1,4.22
republicans,1,4.22
veto,3,4.22
python,4,4.22
labor,5,4.22
away,5,4.22
concerned,2,4.22
limit,20,4.22
scratch,4,4.22
limited,82,4.22
courts,2,4.24
minority,8,4.24
but,256,4.24
orders,7,4.24
concerning,3,4.24
contrary,3,4.24
unless,1,4.24
psychiatric,3,4.24
raw,30,4.24
barely,2,4.24
lower,29,4.24
split,9,4.26
owing,2,4.26
intervention,20,4.26
nor,12,4.28
taken,11,4.28
tests,15,4.28
spider,1,4.28
wasn't,1,4.28
rules,30,4.28
divide,2,4.29
affected,7,4.3
pit,1,4.3
formerly,2,4.3
drop,5,4.3
sudden,1,4.3
bias,74,4.31
reduced,21,4.32
scattered,1,4.32
separate,19,4.32
slowly,5,4.32
surgical,9,4.32
replaced,3,4.34
strictly,8,4.35
consequence,6,4.36
reducing,37,4.36
division,2,4.36
operations,13,4.36
irregular,3,4.36
end,18,4.36
divided,2,4.36
juvenile,1,4.36
sharply,6,4.36
naive,5,4.37
rarely,11,4.38
economy,1,4.38
resistance,1,4.38
competitors,3,4.38
mortality,15,4.38
far,10,4.38
prices,3,4.38
frozen,17,4.38
opposite,7,4.4
beats,2,4.4
controlled,46,4.4
tied,1,4.4
emotional,25,4.42
regime,37,4.42
below,8,4.42
serious,3,4.42
behind,12,4.42
breaks,5,4.42
treatment,17,4.42
commercials,1,4.42
remains,132,4.42
notwithstanding,1,4.42
constraints,61,4.42
controlling,5,4.42
regulations,3,4.42
removal,10,4.43
haze,2,4.44
correction,17,4.44
rag,13,4.44
harder,9,4.44
push,2,4.44
require,35,4.44
rigid,8,4.46
short,17,4.46
politics,1,4.46
neither,12,4.46
craving,10,4.46
hammer,1,4.46
required,23,4.46
isn't,2,4.46
plastic,2,4.46
shorter,5,4.46
elections,1,4.48
despite,58,4.48
ms,10,4.48
hidden,17,4.48
issue,21,4.48
reverse,3,4.5
regulatory,9,4.5
few,18,4.5
corporations,2,4.5
arab,1,4.5
temporary,1,4.5
distance,41,4.5
randomly,3,4.5
clique,1,4.52
crucial,25,4.52
small,62,4.52
rule,18,4.52
previously,18,4.52
weight,14,4.52
dependent,11,4.52
former,4,4.52
leave,7,4.52
chains,7,4.53
chloride,4,4.53
terms,19,4.54
narrow,11,4.54
iv,1,4.54
beneath,2,4.54
institutional,14,4.54
arbitrary,14,4.54
regulation,8,4.54
bit,3,4.54
conservative,2,4.54
caused,11,4.54
appendix,1,4.54
blocks,8,4.54
separately,4,4.55
grey,2,4.56
merely,7,4.56
boxing,1,4.56
inspector,1,4.58
lock,1,4.58
hit,2,4.58
radical,3,4.58
stops,1,4.58
differ,10,4.58
although,33,4.58
als,3,4.58
seldom,1,4.59
differences,31,4.6
used,102,4.6
commercial,9,4.6
dit,2,4.6
li,2,4.6
bound,18,4.6
half,4,4.6
tight,4,4.6
sticky,3,4.6
recall,17,4.6
little,8,4.6
bind,2,4.6
trigger,5,4.6
q,6,4.6
was,45,4.6
under,254,4.6
vs,20,4.6
later,9,4.6
inspection,5,4.61
atomic,3,4.61
past,17,4.62
short-term,9,4.62
out,10,4.62
gray,2,4.62
governments,1,4.62
fragments,10,4.63
dry,2,4.64
left,4,4.64
f,25,4.64
un,3,4.64
government,1,4.64
soviet,1,4.64
indirect,11,4.65
inquiry,4,4.66
borrow,1,4.66
hole,2,4.66
v,28,4.66
if,27,4.66
forms,15,4.66
minor,2,4.66
dependence,18,4.67
bump,4,4.67
bodies,2,4.68
how,225,4.68
requires,66,4.68
ab,1,4.68
institutions,3,4.68
clinical,65,4.68
spots,2,4.68
cross,2,4.68
however,170,4.7
slight,1,4.7
except,2,4.7
almost,4,4.7
yet,136,4.7
duty,2,4.7
cos,1,4.7
c,10,4.7
legislative,4,4.7
striking,3,4.7
excessive,3,4.7
seriously,1,4.7
crossed,1,4.7
mere,1,4.7
boundaries,15,4.7
corporate,8,4.7
interference,6,4.71
obligations,1,4.71
ei,2,4.71
induced,15,4.71
repeatedly,2,4.72
depends,23,4.72
ct,2,4.72
alien,1,4.72
e,78,4.72
d,187,4.72
medical,29,4.72
condition,20,4.72
fits,3,4.72
period,5,4.72
claims,17,4.72
assume,8,4.72
offset,4,4.72
ci,3,4.73
refrain,1,4.73
authority,4,4.74
depending,8,4.74
older,1,4.74
trials,7,4.74
admit,1,4.74
dag,1,4.74
judgment,6,4.74
otherwise,6,4.74
resist,1,4.74
long,34,4.74
pull,2,4.74
heavily,11,4.74
smaller,16,4.74
policy,55,4.74
load,3,4.74
than,209,4.74
operate,9,4.74
economics,10,4.76
gas,2,4.76
management,16,4.76
somewhat,1,4.76
th,1,4.76
lately,1,4.76
targets,18,4.76
departure,3,4.76
took,1,4.76
repair,4,4.76
pieces,4,4.76
report,21,4.76
min,1,4.76
drift,28,4.76
r,18,4.78
stakes,2,4.78
military,2,4.78
conditions,100,4.78
reserved,2,4.78
though,10,4.78
dann,1,4.78
ce,12,4.78
unseen,22,4.78
exit,1,4.78
em,3,4.78
difference,12,4.78
rehabilitation,6,4.8
what,53,4.8
h,8,4.8
slightly,5,4.8
nd,1,4.8
widespread,9,4.8
meetings,1,4.8
one-time,1,4.8
apa,2,4.8
passive,6,4.8
ltd,4,4.8
eu,7,4.8
mental,24,4.8
el,5,4.8
versus,14,4.8
detection,154,4.81
exposure,22,4.82
assumptions,14,4.82
must,27,4.82
n,27,4.82
impact,37,4.82
altered,2,4.82
cases,21,4.82
examination,2,4.82
ot,9,4.82
repeated,22,4.82
de,1,4.82
causing,6,4.82
scheme,11,4.82
over,213,4.82
crawl,8,4.84
need,37,4.84
setup,5,4.84
dem,1,4.84
di,1,4.84
inevitably,3,4.84
invisible,8,4.84
sharp,10,4.84
decades,10,4.84
t,23,4.84
partial,13,4.84
capitalist,3,4.84
an,539,4.84
mining,9,4.84
investigating,3,4.84
maintenance,3,4.84
mar,3,4.84
b,50,4.84
en,2,4.84
rates,34,4.84
explicit,63,4.85
were,55,4.86
w,4,4.86
hr,1,4.86
mask,13,4.86
accounting,10,4.86
elsewhere,2,4.86
rd,3,4.86
soc,1,4.86
sensitive,18,4.86
sr,9,4.86
black,6,4.88
scale,58,4.88
causes,8,4.88
operator,7,4.88
previous,26,4.88
judges,10,4.88
lieu,1,4.88
ago,2,4.88
whose,38,4.88
prior,74,4.88
age,12,4.88
elderly,2,4.88
st,4,4.88
nevertheless,5,4.88
regulators,1,4.88
drifting,1,4.88
se,1,4.88
oil,2,4.88
dre,4,4.9
al,22,4.9
campaigns,1,4.9
finance,2,4.9
law,20,4.9
at,311,4.9
border,1,4.9
testing,17,4.9
static,33,4.9
wer,6,4.9
sector,5,4.9
moe,5,4.9
ad,17,4.92
var,9,4.92
task,141,4.92
discourse,30,4.92
representative,15,4.92
x,37,4.92
ar,3,4.92
marked,2,4.92
them,65,4.92
reviewer,2,4.92
whether,63,4.92
instead,31,4.92
cm,2,4.92
only,149,4.92
affect,10,4.92
au,9,4.92
fr,1,4.92
gap,76,4.92
spinal,1,4.92
judge,14,4.92
common,44,4.92
whenever,3,4.92
disclosed,2,4.92
which,425,4.94
fold,5,4.94
across,431,4.94
that,1709,4.94
termed,6,4.94
term,13,4.94
marginal,13,4.94
once,10,4.94
ti,3,4.94
procedure,9,4.94
contrast,49,4.94
g,56,4.94
until,2,4.94
whom,1,4.94
of,3130,4.94
council,2,4.94
agenda,8,4.94
co,10,4.94
temperature,14,4.94
debate,4,4.94
those,34,4.94
gw,1,4.94
close,8,4.94
tackle,5,4.94
needing,2,4.94
restructuring,3,4.94
rubin,1,4.94
av,1,4.94
fe,2,4.96
its,173,4.96
vi,3,4.96
assumed,2,4.96
haar,4,4.96
incidence,6,4.96
accounts,13,4.96
when,205,4.96
ordered,5,4.96
iii,8,4.96
o,22,4.96
drops,3,4.96
ml,5,4.98
question,78,4.98
line,12,4.98
part,17,4.98
compared,65,4.98
hence,4,4.98
io,18,4.98
cloudy,1,4.98
judicial,1,4.98
why,13,4.98
requirements,18,4.98
the,5111,4.98
to,2549,4.98
or,326,4.98
ai,165,4.98
by,897,4.98
pp,12,4.98
three-year,1,4.98
needs,19,4.98
edge,33,4.98
rather,89,4.98
forty,1,4.99
odds,10,5.0
par,1,5.0
weighted,30,5.0
whereas,29,5.0
agents,110,5.0
commands,1,5.0
using,328,5.0
carbon,20,5.0
situation,1,5.0
herbert,1,5.0
where's,1,5.0
peculiar,1,5.0
standard,91,5.0
reports,7,5.0
k,52,5.0
indicated,2,5.0
membrane,1,5.0
fourth,2,5.0
questions,38,5.0
supervisor,1,5.0
assess,18,5.0
id,7,5.0
per,31,5.0
because,41,5.0
plain,1,5.0
governing,16,5.0
price,4,5.0
binding,6,5.01
industrial,8,5.02
ordinary,9,5.02
case,38,5.02
uni,4,5.02
final,21,5.02
controls,17,5.02
implied,2,5.02
some,29,5.02
conventional,44,5.02
happened,1,5.02
slice,1,5.02
disclosure,4,5.02
corners,1,5.02
where,192,5.02
it,268,5.02
necessary,12,5.02
pentagon,1,5.02
random,58,5.02
flip,1,5.02
documents,25,5.02
competing,11,5.02
analysts,3,5.02
strings,1,5.02
flat,5,5.02
diagnostic,39,5.02
anyone,2,5.02
switch,1,5.02
themselves,7,5.02
procedures,2,5.02
ii,16,5.02
schedule,2,5.02
requiring,31,5.02
parameters,54,5.02
setting,35,5.02
foot,2,5.02
roth,1,5.02
sc,2,5.02
rc,3,5.02
im,1,5.02
levine,1,5.02
loco,1,5.04
onset,5,5.04
officially,1,5.04
occupied,2,5.04
consequently,15,5.04
spend,3,5.04
been,74,5.04
break,6,5.04
statistics,29,5.04
other,60,5.04
thereby,24,5.04
wooden,1,5.04
ps,6,5.04
patient,11,5.04
put,3,5.04
searching,3,5.04
advertising,3,5.04
hrs,1,5.04
margin,4,5.04
replace,7,5.04
sub,2,5.04
takes,1,5.04
s,32,5.04
into,287,5.04
mile,3,5.04
doc,1,5.04
complex,113,5.04
j,3,5.04
mm,1,5.04
measures,38,5.04
size,43,5.04
who,18,5.06
gb,3,5.06
changes,53,5.06
m,19,5.06
monitoring,32,5.06
follows,9,5.06
km,3,5.06
primitive,3,5.06
this,978,5.06
phase,64,5.06
interview,1,5.06
screening,8,5.06
td,5,5.06
interviews,2,5.06
weeks,5,5.06
diffusion,82,5.06
p,18,5.06
federation,1,5.06
decision,63,5.06
changed,2,5.06
thompson,1,5.06
kg,3,5.08
so,30,5.08
transit,11,5.08
neutral,13,5.08
after,40,5.08
budget,12,5.08
knee,3,5.08
medicine,3,5.08
agent,53,5.08
schemes,8,5.08
requirement,4,5.08
indonesia,2,5.08
told,1,5.08
underground,2,5.08
base,22,5.08
necessarily,7,5.08
might,8,5.08
therefore,27,5.08
sets,17,5.08
cord,1,5.08
countdown,1,5.08
pls,7,5.08
yr,2,5.08
listed,1,5.08
ch,1,5.08
trace,2,5.08
week,1,5.08
laws,20,5.08
seconds,5,5.08
assuming,3,5.08
consumption,9,5.1
edges,10,5.1
bus,1,5.1
allen,1,5.1
according,13,5.1
between,231,5.1
there,28,5.1
welfare,7,5.1
requests,1,5.1
factor,23,5.1
bases,5,5.1
stack,1,5.1
lists,4,5.1
careful,5,5.1
ca,9,5.1
obey,1,5.1
before,44,5.1
extent,11,5.1
pin,1,5.1
routine,4,5.1
these,482,5.1
dr,1,5.1
cells,17,5.1
circuit,4,5.1
et,22,5.1
populations,40,5.1
investigate,34,5.1
replacement,2,5.1
rev,1,5.1
average,35,5.1
differential,18,5.1
either,33,5.1
administrative,1,5.1
torch,5,5.11
hierarchy,19,5.12
bare,1,5.12
while,408,5.12
single,109,5.12
xx,1,5.12
contained,1,5.12
office,1,5.12
cell,3,5.12
typically,61,5.12
von,1,5.12
reporting,7,5.12
policies,17,5.12
ankle,1,5.12
foster,3,5.12
shadows,1,5.12
territories,1,5.12
committee,1,5.12
silent,1,5.12
latter,9,5.12
side,4,5.12
backed,1,5.12
extreme,14,5.12
bulk,3,5.12
reported,12,5.12
pre,3,5.14
track,11,5.14
region,21,5.14
rendered,1,5.14
stem,6,5.14
copyright,1,5.14
silence,2,5.14
besides,3,5.14
seemed,1,5.14
conduct,9,5.14
endlessly,1,5.14
firms,20,5.14
ann,3,5.14
regardless,3,5.14
farther,1,5.14
supposed,3,5.14
adjusted,1,5.14
operated,1,5.14
complexity,61,5.14
still,30,5.14
bearing,1,5.14
factors,36,5.14
onto,12,5.14
laying,1,5.14
thus,33,5.14
somehow,1,5.14
posterior,20,5.15
prolonged,2,5.16
effect,43,5.16
sweep,2,5.16
about,48,5.16
dos,1,5.16
are,616,5.16
pointing,6,5.16
census,8,5.16
prevent,4,5.16
such,230,5.16
thermal,7,5.16
station,4,5.16
mil,1,5.16
notice,2,5.16
ds,1,5.16
whereby,5,5.16
occur,11,5.16
spine,2,5.16
population,49,5.16
months,4,5.16
react,1,5.16
basin,1,5.16
chain,19,5.16
remaining,13,5.16
examine,17,5.16
platform,14,5.16
floor,2,5.16
basic,6,5.16
their,249,5.16
after-tax,1,5.16
tendency,3,5.16
ones,23,5.16
tested,7,5.16
fuse,6,5.17
urge,1,5.18
classification,82,5.18
china's,1,5.18
back,5,5.18
claim,15,5.18
defense,5,5.18
existing,205,5.18
candidates,14,5.18
month,1,5.18
is,1037,5.18
etc,2,5.18
gate,5,5.18
advocate,1,5.18
from,843,5.18
notion,5,5.18
has,157,5.18
mt,2,5.18
cape,1,5.18
joint,29,5.18
legal,20,5.18
monitor,3,5.18
election,1,5.18
context,72,5.18
longer,9,5.18
cnn,10,5.18
pac,9,5.18
render,1,5.18
ph,3,5.18
take,7,5.18
letting,1,5.18
public,60,5.18
tasks,155,5.18
retained,3,5.19
dominant,18,5.19
itself,19,5.2
criterion,6,5.2
internal,37,5.2
necessity,2,5.2
initially,4,5.2
percentage,1,5.2
physicians,2,5.2
turns,6,5.2
immigration,2,5.2
secondary,3,5.2
happens,2,5.2
moreover,36,5.2
during,112,5.2
intended,4,5.2
turn,7,5.2
another,10,5.2
tighter,4,5.2
jaw,1,5.2
return,10,5.2
carry,6,5.2
decade,3,5.2
briefly,2,5.2
objects,25,5.2
marketing,2,5.2
continued,2,5.2
hebrew,1,5.2
node,20,5.2
ask,8,5.2
four,56,5.2
norms,2,5.21
counting,1,5.22
sentence,9,5.22
dc,1,5.22
order,22,5.22
seems,3,5.22
too,4,5.22
kim,1,5.22
adjustment,2,5.22
depths,1,5.22
ridge,5,5.22
others,17,5.22
cause,10,5.22
excess,4,5.22
systems,248,5.22
as,818,5.22
and,4641,5.22
for,1590,5.22
shed,3,5.22
file,2,5.22
nets,1,5.22
does,49,5.22
bio,1,5.22
any,43,5.22
typical,7,5.22
usual,1,5.22
till,1,5.22
defending,1,5.22
hours,4,5.22
psychological,11,5.22
fraction,9,5.23
encounter,1,5.24
publicly,24,5.24
generally,10,5.24
faced,5,5.24
a,3342,5.24
differentiation,3,5.24
minnesota,1,5.24
since,19,5.24
parliamentary,6,5.24
work,163,5.24
asks,5,5.24
partially,9,5.24
drivers,4,5.24
seem,2,5.24
depend,20,5.24
should,29,5.24
namely,10,5.24
turned,1,5.24
mid,2,5.24
parts,8,5.24
fifth,1,5.24
matters,7,5.24
sf,5,5.24
ties,4,5.24
abc,1,5.24
spending,2,5.24
intermediate,26,5.24
five,39,5.24
chart,4,5.24
insurance,1,5.24
returns,6,5.24
way,22,5.24
spot,1,5.26
goes,1,5.26
carrier,2,5.26
directions,25,5.26
martin,1,5.26
register,2,5.26
uniform,18,5.26
agency,5,5.26
print,1,5.26
detected,7,5.26
dramatic,2,5.26
papers,11,5.26
reasons,6,5.26
mainly,11,5.26
plot,2,5.26
berlin,1,5.26
africa,3,5.26
pouring,1,5.26
tool,31,5.26
hispanic,1,5.26
based,133,5.26
nearly,10,5.26
counsel,4,5.26
shift,31,5.26
companies,1,5.26
ground,26,5.26
lines,14,5.26
carrying,4,5.26
guidelines,2,5.26
walls,3,5.26
conference,3,5.26
preliminary,15,5.26
units,10,5.26
converted,4,5.26
asking,2,5.26
mr,2,5.26
stated,1,5.26
semi,1,5.27
governed,9,5.27
implies,3,5.27
revised,2,5.27
alert,1,5.28
meanwhile,6,5.28
parameter,50,5.28
tracks,9,5.28
version,4,5.28
handling,5,5.28
institute,4,5.28
packing,2,5.28
sometimes,5,5.28
unions,1,5.28
code,88,5.28
minutes,3,5.28
extract,20,5.28
length,16,5.28
years,18,5.28
temporal,151,5.28
behalf,1,5.28
state,66,5.28
mode,23,5.28
declared,1,5.28
l,12,5.28
held,2,5.28
specified,6,5.28
annual,5,5.28
section,1,5.28
form,35,5.28
dot,3,5.28
assessment,32,5.28
already,8,5.28
eventually,6,5.28
assumption,13,5.29
incorporated,3,5.29
third,17,5.3
placed,1,5.3
one's,2,5.3
county,1,5.3
circuits,19,5.3
number,57,5.3
counts,12,5.3
boundary,27,5.3
colin,1,5.3
patch,19,5.3
rail,2,5.3
actually,12,5.3
atlanta,2,5.3
system,185,5.3
singular,7,5.3
tend,17,5.3
calendar,3,5.3
scales,32,5.3
reviews,6,5.3
bring,2,5.3
ways,18,5.3
editing,27,5.3
someone,2,5.3
via,145,5.3
pay,1,5.3
transition,46,5.3
eight,12,5.3
center,5,5.3
levels,48,5.3
profile,12,5.3
tactics,1,5.3
disposition,3,5.31
consume,3,5.31
bop,1,5.31
varying,27,5.31
preceding,1,5.31
partly,2,5.32
step,25,5.32
estimates,22,5.32
currents,2,5.32
cover,6,5.32
general,61,5.32
indicates,10,5.32
louise,1,5.32
speech,49,5.32
bench,3,5.32
posts,1,5.32
evaluation,154,5.32
varies,7,5.32
quite,4,5.32
taking,5,5.32
turning,7,5.32
firm,5,5.32
literally,1,5.32
table,1,5.32
names,7,5.32
measure,25,5.32
review,30,5.32
label,11,5.32
medium,4,5.32
site,2,5.32
identified,13,5.32
types,32,5.32
yield,22,5.32
surface,25,5.32
tribes,1,5.32
compare,22,5.32
alter,3,5.32
threshold,34,5.33
blink,1,5.33
currently,4,5.34
areas,23,5.34
session,5,5.34
classified,7,5.34
editorial,1,5.34
wider,2,5.34
then,72,5.34
rate,40,5.34
moderate,10,5.34
german,3,5.34
massive,7,5.34
regional,21,5.34
six,20,5.34
pack,1,5.34
checked,1,5.34
adams,1,5.34
within,110,5.34
middle,2,5.34
physician,1,5.34
doctor,1,5.34
giant,3,5.34
campaign,1,5.34
log,3,5.34
percent,4,5.34
candidate,23,5.34
define,12,5.34
anything,4,5.34
gear,1,5.34
crossing,7,5.34
revolution,3,5.34
upon,12,5.34
comparable,17,5.34
finite,10,5.35
thesis,2,5.35
asked,1,5.36
linear,60,5.36
structure,150,5.36
subsequently,7,5.36
constitute,6,5.36
delta,7,5.36
moving,12,5.36
edit,3,5.36
pattern,22,5.36
sim,5,5.36
contracts,2,5.36
mouse,6,5.36
heard,1,5.36
same,74,5.36
clip,12,5.36
press,2,5.36
target,64,5.36
principal,7,5.36
covering,8,5.36
economic,30,5.36
wright,1,5.36
standing,2,5.36
overview,3,5.36
clips,2,5.36
hall,2,5.36
comparison,30,5.37
sits,2,5.37
silently,1,5.37
coefficient,10,5.38
official,5,5.38
manner,12,5.38
files,1,5.38
personnel,1,5.38
arms,2,5.38
projected,8,5.38
text,80,5.38
sensitivity,34,5.38
different,116,5.38
let,1,5.38
curriculum,4,5.38
door,2,5.38
control,99,5.38
core,34,5.38
steps,20,5.38
technical,13,5.38
standards,10,5.38
basis,19,5.38
statistically,10,5.38
shall,1,5.38
year,7,5.38
industry,8,5.38
latin,6,5.38
would,15,5.38
items,20,5.38
said,2,5.38
copy,5,5.38
second,35,5.38
machine,52,5.38
following,6,5.38
dub,1,5.39
explicitly,40,5.39
empirical,68,5.39
ranging,7,5.4
mexican,1,5.4
cast,2,5.4
lung,3,5.4
daily,20,5.4
each,128,5.4
matter,18,5.4
string,3,5.4
gulf,1,5.4
distribution,95,5.4
absolute,13,5.4
statistical,55,5.4
one,93,5.4
seen,10,5.4
chamber,2,5.4
reorganization,3,5.4
holds,11,5.4
main,20,5.4
healthcare,15,5.4
two,179,5.4
processes,51,5.4
earlier,7,5.4
fuel,6,5.4
inside,5,5.4
represents,10,5.4
china,4,5.4
document,31,5.4
definitions,5,5.4
estimate,35,5.4
transfer,34,5.4
origins,3,5.4
intent,10,5.4
variables,30,5.41
width,3,5.41
ratio,24,5.41
vector,19,5.41
constitutes,8,5.41
tissue,4,5.41
gene,4,5.42
configuration,13,5.42
inner,3,5.42
came,2,5.42
resulting,48,5.42
tell,4,5.42
centre,1,5.42
presentation,2,5.42
theory,83,5.42
nine,8,5.42
nowadays,1,5.42
financial,8,5.42
calculated,2,5.42
ranks,3,5.42
topic,5,5.42
calls,2,5.42
course,3,5.42
note,2,5.42
point,57,5.42
derived,41,5.42
compromise,2,5.42
select,6,5.42
primarily,27,5.42
mini,9,5.42
ever,1,5.42
tweets,4,5.42
instance,16,5.42
subjects,13,5.42
initial,16,5.42
com,55,5.42
monthly,1,5.42
tables,4,5.42
sam,10,5.42
comprehensive,43,5.42
duration,3,5.42
references,1,5.42
signals,83,5.42
background,21,5.42
inhabitants,1,5.42
going,1,5.42
category,12,5.42
also,140,5.42
tom,3,5.42
remainder,1,5.43
modes,15,5.43
adjacent,6,5.43
battery,3,5.44
subject,7,5.44
lateral,7,5.44
possess,4,5.44
street,1,5.44
represent,25,5.44
axis,4,5.44
passing,8,5.44
consist,2,5.44
company,1,5.44
versions,4,5.44
bob,1,5.44
tone,4,5.44
measurements,12,5.44
ten,8,5.44
counter,2,5.44
stations,1,5.44
carried,3,5.44
operating,16,5.44
quantitative,29,5.44
calculation,1,5.44
fisher,4,5.44
overall,53,5.44
refers,3,5.44
centres,1,5.44
reactions,2,5.44
storage,14,5.44
recently,16,5.44
signal,52,5.44
lab,3,5.44
doors,1,5.44
passes,1,5.44
flow,52,5.44
search,42,5.44
imports,1,5.44
area,19,5.44
administered,1,5.45
subsequent,11,5.45
furthermore,48,5.45
drawers,1,5.45
situations,3,5.45
sociology,1,5.45
serve,18,5.46
appeared,1,5.46
alex,2,5.46
competitive,30,5.46
expectations,15,5.46
domestic,1,5.46
caption,2,5.46
loop,25,5.46
directed,9,5.46
developers,7,5.46
pulls,1,5.46
shipping,1,5.46
process,120,5.46
linked,8,5.46
followed,11,5.46
challenged,2,5.46
index,11,5.46
particularly,37,5.46
statements,4,5.46
twitter,3,5.46
reform,4,5.46
unfold,1,5.46
therapy,5,5.46
segment,9,5.46
filter,5,5.46
instructions,9,5.46
list,3,5.46
enough,2,5.46
math,9,5.46
meeting,3,5.46
notions,1,5.46
needed,10,5.46
wide,15,5.46
surrounding,3,5.46
projects,9,5.46
further,127,5.46
local,105,5.46
object,57,5.46
equation,25,5.46
explain,19,5.46
carries,7,5.46
coalition,3,5.46
distributed,25,5.46
series,27,5.46
conducted,9,5.46
grip,1,5.47
metabolism,4,5.47
ceiling,7,5.47
remote,19,5.48
extensive,72,5.48
elements,15,5.48
may,85,5.48
shape,42,5.48
attempted,1,5.48
particles,4,5.48
actual,10,5.48
along,33,5.48
mark,3,5.48
portion,5,5.48
column,1,5.48
utility,18,5.48
export,1,5.48
post,2,5.48
motor,34,5.48
operates,14,5.48
approached,1,5.48
convention,1,5.48
external,36,5.48
concept,22,5.48
mixed,14,5.48
surname,5,5.48
route,11,5.48
tweet,1,5.48
exception,1,5.48
encountered,2,5.48
jump,1,5.48
habit,1,5.48
here,86,5.48
felt,1,5.48
sessions,20,5.48
acts,6,5.48
predicted,20,5.48
cumulative,10,5.48
server,1,5.48
surfaces,6,5.48
led,5,5.48
demo,1,5.48
physics,22,5.48
run,7,5.48
compound,1,5.48
indicate,30,5.48
user,41,5.48
square,2,5.48
users,30,5.48
spread,5,5.48
beta,5,5.48
methods,225,5.48
modified,3,5.49
interface,15,5.49
supervision,37,5.49
remark,1,5.49
interpreted,6,5.49
unit,13,5.5
channel,7,5.5
fellow,1,5.5
finals,1,5.5
application,25,5.5
tie,1,5.5
russia,3,5.5
consumer,5,5.5
capacity,31,5.5
specifically,47,5.5
genetic,1,5.5
variation,26,5.5
beyond,65,5.5
minute,12,5.5
atoms,2,5.5
manifest,4,5.5
figure,1,5.5
quiet,2,5.5
fm,5,5.5
works,14,5.5
settings,77,5.5
equivalent,12,5.5
wild,3,5.5
count,7,5.5
rated,5,5.5
brief,3,5.5
investors,3,5.5
adds,2,5.5
retain,5,5.5
behavior,96,5.5
frequently,20,5.5
item,8,5.5
doing,1,5.5
in,2391,5.5
glasses,1,5.5
map,33,5.5
effects,65,5.5
transmission,11,5.5
account,19,5.5
generation,178,5.5
measurement,11,5.51
occurrence,1,5.51
behaviors,23,5.51
slope,4,5.51
class,17,5.52
remain,64,5.52
reflected,2,5.52
amy,1,5.52
archive,1,5.52
outer,4,5.52
aimed,4,5.52
reaction,4,5.52
ray,1,5.52
horizontal,2,5.52
categories,16,5.52
url,2,5.52
positions,13,5.52
headline,2,5.52
findings,112,5.52
usage,11,5.52
episodes,6,5.52
room,7,5.52
u,10,5.52
article,3,5.52
branch,8,5.52
throughout,3,5.52
reference,21,5.52
suggest,55,5.52
taylor,1,5.52
north,4,5.52
could,13,5.52
alice,2,5.52
extension,8,5.52
subjective,7,5.52
demonstrate,176,5.52
rely,62,5.53
lean,1,5.53
sole,3,5.53
particle,3,5.53
sheet,1,5.53
abstract,20,5.53
direction,26,5.54
notes,1,5.54
suggesting,28,5.54
round,5,5.54
circulation,2,5.54
criteria,19,5.54
prompted,2,5.54
apparently,1,5.54
holdings,1,5.54
adam,1,5.54
tools,31,5.54
frame,22,5.54
biological,29,5.54
domain,71,5.54
look,7,5.54
handle,7,5.54
panel,10,5.54
electrical,3,5.54
regions,55,5.54
say,2,5.54
materials,4,5.54
ear,8,5.54
attempts,3,5.54
timeline,1,5.54
person,10,5.54
particular,32,5.54
properties,41,5.54
depth,35,5.54
box,6,5.54
reason,19,5.54
device,4,5.54
rating,1,5.54
go,6,5.54
sources,26,5.54
dealing,1,5.54
signs,5,5.54
input,80,5.55
array,2,5.55
analyses,43,5.55
molecular,4,5.55
civil,1,5.56
attempt,4,5.56
studying,15,5.56
aspects,17,5.56
characterized,12,5.56
treated,9,5.56
discussed,4,5.56
verbal,12,5.56
voltage,3,5.56
his,1,5.56
remained,9,5.56
electron,2,5.56
extends,8,5.56
range,42,5.56
varied,4,5.56
type,18,5.56
license,6,5.56
contents,3,5.56
clients,3,5.56
recent,82,5.56
format,5,5.56
consider,16,5.56
mounted,1,5.56
matches,10,5.56
directly,53,5.56
systematic,45,5.56
illusion,5,5.56
stay,1,5.56
place,15,5.56
explanation,16,5.56
worker,1,5.56
red,1,5.56
voices,1,5.56
makes,18,5.56
measured,17,5.56
method,160,5.56
component,34,5.56
era,1,5.56
pan,1,5.56
forming,5,5.56
analyst,1,5.56
summary,8,5.56
change,39,5.56
marathon,1,5.56
working,13,5.56
product,10,5.56
passage,1,5.56
evaluate,79,5.56
consumers,1,5.56
regarding,3,5.56
word,18,5.56
ranked,2,5.56
on,1245,5.56
organizations,14,5.56
sow,1,5.57
density,28,5.57
mathematical,28,5.57
declare,2,5.57
corrected,2,5.58
trending,1,5.58
voters,4,5.58
appeals,3,5.58
bell,1,5.58
set,52,5.58
comes,4,5.58
times,30,5.58
even,69,5.58
filling,3,5.58
cities,33,5.58
formed,7,5.58
client,5,5.58
executive,1,5.58
recorded,12,5.58
current,86,5.58
identify,82,5.58
rooms,1,5.58
comment,1,5.58
pursuit,5,5.58
i've,1,5.58
named,3,5.58
apps,1,5.58
broader,18,5.58
decisions,27,5.58
estimated,9,5.58
fingers,1,5.58
returning,1,5.58
warming,1,5.58
broad,19,5.58
long-term,32,5.58
cerebral,2,5.58
example,14,5.58
did,8,5.58
described,6,5.58
circle,1,5.58
front,2,5.58
consists,11,5.58
habits,1,5.58
solely,20,5.58
rapidly,23,5.58
finally,48,5.58
comparative,7,5.59
sentences,10,5.59
classroom,6,5.59
parallel,16,5.59
indicating,19,5.59
occurs,11,5.59
level,52,5.6
considering,3,5.6
eleven,1,5.6
layers,16,5.6
news,13,5.6
relatively,6,5.6
apparent,6,5.6
immediate,6,5.6
central,49,5.6
seeking,1,5.6
pronounced,9,5.6
address,115,5.6
utilities,4,5.6
entirely,4,5.6
patent,1,5.6
efforts,8,5.6
your,4,5.6
arranged,1,5.6
cleaning,1,5.6
links,11,5.6
covers,4,5.6
outcome,18,5.6
centers,5,5.6
assembly,1,5.6
specific,42,5.6
ancient,2,5.6
perceived,17,5.6
historians,1,5.6
frequency,28,5.6
topics,12,5.6
suggested,1,5.6
concrete,7,5.6
combined,23,5.6
reaching,6,5.6
involving,7,5.6
function,75,5.6
called,11,5.6
hop,2,5.6
comparatively,6,5.6
occasional,1,5.6
columns,6,5.6
ideological,3,5.61
they,123,5.62
leaves,2,5.62
managing,3,5.62
proportion,4,5.62
cloud,22,5.62
instances,14,5.62
york,2,5.62
spaces,13,5.62
vary,19,5.62
proportions,2,5.62
formal,10,5.62
media,16,5.62
can,358,5.62
bottle,1,5.62
runs,13,5.62
next,23,5.62
riders,3,5.62
buildings,1,5.62
pages,3,5.62
display,8,5.62
status,4,5.62
through,227,5.62
oct,1,5.62
reply,2,5.62
virtual,13,5.62
associate,2,5.62
behavioral,56,5.62
pitch,1,5.62
organisms,3,5.62
around,16,5.62
resulted,1,5.62
clock,3,5.62
cycle,13,5.62
characteristics,26,5.62
transaction,4,5.62
sacred,1,5.62
widely,36,5.62
watches,1,5.62
material,7,5.62
variable,24,5.62
referred,4,5.62
dice,4,5.62
became,1,5.62
page,7,5.62
reflects,10,5.62
accent,3,5.62
dutch,4,5.62
assistant,2,5.62
describing,4,5.62
origin,8,5.63
peripheral,3,5.63
measuring,11,5.63
hydrogen,3,5.63
intentions,2,5.63
genes,1,5.64
recommend,3,5.64
ac,4,5.64
cognitive,90,5.64
involvement,1,5.64
designated,2,5.64
evidence,123,5.64
senior,1,5.64
entitled,1,5.64
oriented,1,5.64
techniques,30,5.64
holding,1,5.64
handful,1,5.64
commons,1,5.64
purposes,1,5.64
obvious,1,5.64
mystery,2,5.64
use,91,5.64
secular,1,5.64
wrote,1,5.64
portions,1,5.64
means,10,5.64
elite,2,5.64
closely,11,5.64
states,67,5.64
vast,6,5.64
tends,4,5.64
pace,5,5.64
influence,47,5.64
escape,1,5.64
trend,5,5.64
upload,1,5.64
construction,31,5.64
southern,1,5.64
layer,26,5.64
speakers,8,5.64
chinese,9,5.64
every,12,5.64
circular,3,5.64
serving,5,5.64
spin,4,5.64
businesses,1,5.64
kit,1,5.64
civilian,1,5.64
heads,11,5.64
competition,17,5.64
mathematics,5,5.65
examined,8,5.65
structures,54,5.65
equations,16,5.65
consisting,6,5.65
phases,14,5.65
organisation,7,5.65
influenced,5,5.65
conclusion,2,5.66
electric,2,5.66
drawn,6,5.66
groups,45,5.66
passed,3,5.66
aspect,4,5.66
coverage,37,5.66
foundation,46,5.66
african,5,5.66
discussions,1,5.66
molecules,1,5.66
follow,16,5.66
regard,1,5.66
sign,16,5.66
adequate,2,5.66
continues,3,5.66
residents,4,5.66
explains,7,5.66
association,7,5.66
describe,22,5.66
several,39,5.66
served,2,5.66
seven,11,5.66
gps,1,5.66
practices,8,5.66
usually,7,5.66
blue,1,5.66
manufacturing,4,5.66
occupy,2,5.66
among,38,5.66
timing,12,5.66
bold,3,5.66
immediately,5,5.66
customer,7,5.66
compete,3,5.66
intense,8,5.66
people's,1,5.66
members,4,5.66
collect,4,5.66
priority,2,5.66
developmental,2,5.66
sandy,1,5.66
early,46,5.66
tail,8,5.67
occurring,1,5.67
conversion,8,5.67
samples,36,5.67
stimulus,13,5.68
bond,1,5.68
cent,5,5.68
broadcasting,2,5.68
program,10,5.68
mission,2,5.68
enterprises,2,5.68
grounds,4,5.68
foreign,2,5.68
footage,2,5.68
angles,3,5.68
character,6,5.68
amongst,1,5.68
exchange,7,5.68
nearby,2,5.68
emerged,14,5.68
direct,49,5.68
moves,2,5.68
managed,2,5.68
suggests,21,5.68
associated,42,5.68
be,255,5.68
perspectives,18,5.68
spoken,2,5.68
role,51,5.68
emphasis,5,5.68
physiological,6,5.68
often,177,5.68
location,11,5.68
machines,13,5.68
publishers,2,5.68
appears,7,5.68
avenue,1,5.68
response,36,5.68
formula,5,5.68
moment,1,5.68
speaker,1,5.68
seeks,2,5.68
countries,26,5.68
speaks,1,5.68
database,8,5.68
degrees,5,5.68
correlation,22,5.69
mechanism,93,5.69
determining,10,5.69
contain,3,5.7
journal,6,5.7
running,7,5.7
reforms,1,5.7
become,25,5.7
watch,1,5.7
regular,2,5.7
engine,15,5.7
max,2,5.7
rankings,8,5.7
approximately,23,5.7
hold,6,5.7
developer,3,5.7
driver,15,5.7
placing,3,5.7
feeling,1,5.7
thickness,2,5.7
earliest,2,5.7
feat,1,5.7
january,1,5.7
master,3,5.7
walks,2,5.7
data,431,5.7
manhattan,1,5.7
extremely,15,5.7
synthesis,40,5.7
attribute,16,5.7
pocket,1,5.7
written,4,5.7
objective,28,5.7
accumulation,8,5.7
multiple,98,5.7
migration,19,5.7
streaming,5,5.7
discussion,5,5.7
demonstrated,28,5.7
identical,18,5.7
fill,3,5.7
grade,1,5.7
mild,9,5.7
opinions,20,5.71
immense,1,5.71
contains,11,5.71
temperatures,4,5.71
fifty,3,5.71
scope,9,5.71
pose,21,5.72
move,6,5.72
detailed,15,5.72
import,2,5.72
translation,24,5.72
hypothesis,28,5.72
roles,14,5.72
stage,38,5.72
adding,4,5.72
expanding,7,5.72
channels,7,5.72
canal,1,5.72
modification,12,5.72
implementation,17,5.72
with,1220,5.72
uses,38,5.72
distinguishable,4,5.72
seek,2,5.72
script,2,5.72
towards,27,5.72
individual,74,5.72
view,27,5.72
taxi,1,5.72
marine,1,5.72
update,17,5.72
blend,1,5.72
signed,8,5.72
near,17,5.72
source,53,5.72
affiliation,2,5.72
plate,5,5.72
ultimately,3,5.72
registered,4,5.72
rank,8,5.72
three,107,5.72
spectrum,17,5.72
publications,3,5.72
surrounds,1,5.72
responsibility,1,5.72
involves,14,5.73
sphere,2,5.73
mechanical,4,5.73
structural,108,5.73
identification,34,5.73
much,18,5.74
symbolic,27,5.74
expected,24,5.74
concentrate,1,5.74
prove,25,5.74
observed,68,5.74
time,183,5.74
deep,55,5.74
transactions,1,5.74
reach,8,5.74
details,14,5.74
gf,4,5.74
kinds,5,5.74
fundamental,52,5.74
given,39,5.74
responded,2,5.74
orientation,11,5.74
screen,2,5.74
call,8,5.74
mac,1,5.74
project,17,5.74
name,6,5.74
settled,1,5.74
entry,2,5.74
presented,5,5.74
manage,1,5.74
showed,16,5.74
serves,9,5.74
training,176,5.74
calling,1,5.74
challenges,55,5.74
situated,4,5.74
everyday,5,5.74
considerably,1,5.75
manuscript,2,5.75
sees,1,5.76
workshop,1,5.76
products,5,5.76
thoroughly,1,5.76
permitted,1,5.76
perception,53,5.76
approaching,2,5.76
discussing,1,5.76
deeply,3,5.76
publication,9,5.76
whisper,2,5.76
historical,16,5.76
essentially,1,5.76
things,2,5.76
viewing,4,5.76
shield,2,5.76
supply,8,5.76
commission,3,5.76
experiment,6,5.76
continue,3,5.76
selling,2,5.76
probability,53,5.76
interval,7,5.76
species,6,5.76
brands,1,5.76
magnitude,18,5.76
referring,12,5.76
functions,30,5.76
motion,64,5.76
ensemble,13,5.76
ladder,1,5.76
describes,4,5.76
maintain,14,5.76
just,9,5.76
representing,22,5.76
slide,1,5.76
city,30,5.76
do,52,5.76
mechanisms,75,5.76
tokyo,1,5.76
vital,3,5.76
episode,1,5.76
voice,7,5.76
manual,15,5.76
facilities,1,5.76
days,2,5.76
dimensional,7,5.76
major,26,5.76
eastern,1,5.76
race,9,5.76
emotion,4,5.76
characteristic,8,5.76
spatial,175,5.77
corresponding,15,5.77
backup,1,5.78
volume,9,5.78
flows,17,5.78
vessel,1,5.78
intervals,6,5.78
aware,4,5.78
characters,2,5.78
texts,6,5.78
added,5,5.78
components,68,5.78
lift,1,5.78
hosted,1,5.78
rover,3,5.78
rural,2,5.78
having,2,5.78
respond,4,5.78
realized,1,5.78
additional,39,5.78
total,31,5.78
frequent,9,5.78
plasma,1,5.78
record,6,5.78
containing,8,5.78
carefully,5,5.78
march,1,5.78
century,2,5.78
possibly,2,5.78
link,17,5.78
entering,2,5.78
hd,1,5.78
attributes,20,5.78
actions,13,5.78
fitted,4,5.78
various,32,5.78
featuring,1,5.78
drives,7,5.78
challenge,73,5.78
society,12,5.78
defined,15,5.78
optical,19,5.78
responsible,7,5.8
double,2,5.8
simultaneously,20,5.8
determine,16,5.8
dimension,30,5.8
root,3,5.8
mix,1,5.8
description,9,5.8
perceive,4,5.8
climate,19,5.8
impulse,1,5.8
rapid,29,5.8
involve,9,5.8
gradually,7,5.8
men's,1,5.8
analysis,253,5.8
accordingly,5,5.8
networks,213,5.8
write,3,5.8
occupation,15,5.8
mostly,4,5.8
wind,12,5.8
known,25,5.8
director,1,5.8
finding,11,5.8
practice,20,5.8
establishing,9,5.8
appearance,26,5.8
changing,7,5.8
extended,11,5.8
behaviour,20,5.8
reconstruction,65,5.8
outside,3,5.8
mouth,1,5.8
sentiment,3,5.8
model,588,5.8
gender,19,5.8
acquisition,14,5.8
psychology,7,5.8
vote,1,5.8
interior,3,5.8
attention,83,5.8
paper,129,5.8
courses,1,5.8
quantity,6,5.8
definition,3,5.8
commonly,18,5.8
shaped,10,5.8
maintaining,20,5.8
belong,4,5.8
yellow,1,5.8
stock,3,5.8
league,2,5.8
becomes,16,5.8
obtaining,2,5.81
continually,2,5.81
cow,3,5.82
involved,3,5.82
consistent,63,5.82
emphasized,1,5.82
come,2,5.82
regarded,2,5.82
key,72,5.82
apply,32,5.82
have,153,5.82
quickly,1,5.82
upper,10,5.82
outline,6,5.82
arising,7,5.82
hundred,4,5.82
expressed,3,5.82
becoming,3,5.82
detail,7,5.82
movements,21,5.82
path,27,5.82
opinion,29,5.82
lived,3,5.82
spanish,2,5.82
closer,6,5.82
toronto,2,5.82
many,39,5.82
investment,7,5.82
royal,1,5.82
pair,8,5.82
connection,15,5.82
sum,3,5.82
communications,1,5.82
landing,1,5.82
diversity,56,5.82
instruction,7,5.83
rotation,4,5.83
enter,2,5.84
dimensions,41,5.84
decide,6,5.84
banking,1,5.84
individuals,52,5.84
examples,15,5.84
web,11,5.84
constructed,11,5.84
subtle,11,5.84
element,3,5.84
absorption,1,5.84
gets,2,5.84
grammar,7,5.84
responses,54,5.84
lays,1,5.84
grain,1,5.84
gravity,5,5.84
urban,72,5.84
producing,19,5.84
classes,16,5.84
experimental,41,5.84
showing,28,5.84
matrix,17,5.84
coming,1,5.84
stages,26,5.84
being,28,5.84
interpretation,20,5.84
tall,4,5.84
feelings,1,5.84
stored,6,5.84
amount,9,5.84
suggestion,1,5.84
descriptions,22,5.84
nationwide,3,5.84
hear,1,5.84
her,2,5.84
history,13,5.84
programme,2,5.84
programming,12,5.84
mexico,2,5.84
arena,3,5.84
appear,17,5.84
ethnic,1,5.84
theoretical,54,5.84
checks,2,5.84
realize,2,5.84
sample,33,5.84
construct,35,5.85
concentration,5,5.85
arrangement,2,5.86
figures,5,5.86
fourteen,1,5.86
connect,1,5.86
lens,4,5.86
japan's,1,5.86
autonomy,4,5.86
services,9,5.86
trained,76,5.86
position,28,5.86
bridge,17,5.86
integration,50,5.86
aim,12,5.86
engineering,16,5.86
output,38,5.86
curve,8,5.86
variations,17,5.86
property,12,5.86
obtain,19,5.86
attitudes,4,5.86
articles,6,5.86
survival,14,5.86
household,7,5.86
phenomena,15,5.86
liquid,2,5.86
applied,40,5.86
amounts,1,5.86
introduce,205,5.86
metro,3,5.86
pc,6,5.86
observations,21,5.86
organizational,5,5.86
adopted,14,5.86
sound,10,5.86
concentrated,8,5.86
keep,4,5.86
contemporary,9,5.86
layout,7,5.86
road,7,5.86
frontier,17,5.86
credit,12,5.86
located,3,5.86
wrapped,2,5.86
diverse,97,5.86
deeper,8,5.86
effort,17,5.86
field,36,5.88
privacy,18,5.88
sovereignty,1,5.88
printed,2,5.88
whole,2,5.88
organism,2,5.88
chosen,3,5.88
speaking,2,5.88
distinguish,5,5.88
city's,2,5.88
researchers,18,5.88
weather,10,5.88
entire,12,5.88
austria,2,5.88
primary,28,5.88
applications,59,5.88
demonstration,3,5.88
sequence,29,5.88
keeps,2,5.88
hip,1,5.88
includes,20,5.88
feedback,40,5.88
pro,6,5.88
physical,52,5.88
expanded,4,5.88
outlook,1,5.88
sustained,11,5.88
audio,25,5.88
access,40,5.88
intensity,6,5.89
existence,12,5.9
addition,25,5.9
sensory,15,5.9
modest,8,5.9
grew,1,5.9
mixture,25,5.9
angle,5,5.9
expect,1,5.9
add,5,5.9
scenes,43,5.9
exist,13,5.9
strategic,27,5.9
recording,5,5.9
permit,1,5.9
pass,11,5.9
conclusions,4,5.9
hosting,1,5.9
attributed,3,5.9
legacy,1,5.9
now,12,5.9
illustrate,11,5.9
fact,6,5.9
displayed,1,5.9
neighbors,4,5.9
establish,34,5.9
dividend,1,5.9
majority,18,5.9
thousand,2,5.9
hand,8,5.9
peak,8,5.9
man,1,5.9
considered,7,5.9
scores,32,5.9
both,274,5.9
feel,1,5.9
results,275,5.9
planes,4,5.9
retail,1,5.9
twenty,1,5.9
ratings,3,5.9
diaries,1,5.9
brought,1,5.9
capital,8,5.92
residential,7,5.92
fields,33,5.92
solid,1,5.92
alternatives,8,5.92
collections,9,5.92
equity,3,5.92
laboratory,1,5.92
conclude,11,5.92
diagram,5,5.92
bank,5,5.92
patterns,97,5.92
substantially,56,5.92
group,37,5.92
get,3,5.92
views,9,5.92
umbrella,1,5.92
covered,1,5.92
shown,22,5.92
tribe,6,5.92
constant,18,5.92
linux,1,5.92
opens,5,5.92
banks,5,5.92
devices,11,5.92
i,54,5.92
generated,43,5.92
forecast,4,5.92
applies,13,5.92
private,13,5.92
option,1,5.94
technique,10,5.94
member,1,5.94
inherent,14,5.94
societies,5,5.94
building,28,5.94
looking,6,5.94
germany,1,5.94
processing,43,5.94
finds,1,5.94
intention,7,5.94
movement,12,5.94
player,1,5.94
continental,1,5.94
listen,2,5.94
framework,452,5.94
geography,5,5.94
pulse,2,5.94
elevation,2,5.94
approach,188,5.94
substantial,33,5.94
include,11,5.94
trends,7,5.94
formation,21,5.94
alternative,32,5.94
portfolio,6,5.94
delicate,1,5.94
choose,2,5.94
letter,1,5.94
begins,4,5.94
submitted,5,5.94
european,20,5.94
visual,221,5.94
echoes,1,5.94
gather,2,5.94
image,149,5.94
larger,29,5.94
reality,7,5.94
custom,4,5.94
scene,33,5.94
preparations,1,5.94
business,14,5.94
allowed,5,5.96
hundreds,7,5.96
reveal,69,5.96
job,6,5.96
potentially,12,5.96
body,19,5.96
selection,71,5.96
collected,21,5.96
season,2,5.96
justify,2,5.96
proof,6,5.96
features,167,5.96
discuss,13,5.96
above,6,5.96
assistance,10,5.96
space,109,5.96
driven,22,5.96
net,9,5.96
starts,4,5.96
ships,2,5.96
academic,17,5.96
french,7,5.96
largely,60,5.96
reaches,5,5.96
similar,36,5.96
exhibit,46,5.96
players,4,5.96
writer,9,5.96
including,131,5.96
made,17,5.96
exceed,3,5.96
convinced,1,5.96
head,10,5.96
releases,1,5.96
reflecting,10,5.96
world's,4,5.96
related,22,5.96
reveals,52,5.96
match,13,5.96
spreading,10,5.96
broadcast,1,5.98
national,19,5.98
august,1,5.98
hill,1,5.98
keys,2,5.98
fabric,2,5.98
dialogue,23,5.98
communities,12,5.98
identity,29,5.98
author,4,5.98
prose,1,5.98
precisely,5,5.98
originally,1,5.98
explained,8,5.98
specialized,15,5.98
similarly,2,5.98
represented,14,5.98
feature,99,5.98
train,21,5.98
action,41,5.98
looks,1,5.98
netherlands,1,5.98
lessons,2,5.98
pairs,42,5.98
refer,1,5.98
messages,2,5.98
meets,5,5.98
planned,3,5.98
canada,1,5.98
normal,4,5.98
organization,38,5.98
triple,2,5.98
recordings,21,5.98
flash,1,5.98
store,3,5.98
make,29,6.0
allow,9,6.0
hands,1,6.0
adapted,8,6.0
archives,1,6.0
exactly,12,6.0
japan,3,6.0
service,3,6.0
applicable,4,6.0
continent,2,6.0
beliefs,4,6.0
lighting,7,6.0
vista,3,6.0
principle,27,6.0
favor,3,6.0
participants,28,6.0
likewise,1,6.0
find,92,6.0
nations,1,6.0
meaning,12,6.0
network,201,6.0
result,34,6.0
act,19,6.0
stereo,9,6.0
sites,7,6.0
tuned,2,6.0
global,89,6.0
automatically,10,6.0
survive,2,6.0
pilot,5,6.0
successor,1,6.0
extend,24,6.0
integral,7,6.0
stores,3,6.0
automatic,12,6.0
engineers,2,6.02
production,34,6.02
male,3,6.02
relate,4,6.02
essential,35,6.02
voting,5,6.02
delivery,4,6.02
simple,72,6.02
fixed,37,6.02
sophisticated,6,6.02
creates,5,6.02
records,8,6.02
rare,9,6.02
programs,4,6.02
objectives,16,6.02
content,60,6.02
colored,1,6.02
concepts,11,6.02
presence,7,6.02
nearest,1,6.02
monetary,1,6.02
native,14,6.02
will,44,6.02
windows,11,6.02
walk,9,6.02
teams,11,6.02
japanese,3,6.02
developing,21,6.02
considerations,1,6.02
pub,1,6.02
union,4,6.04
washington,1,6.04
bridges,8,6.04
words,13,6.04
transport,33,6.04
contributed,1,6.04
choices,11,6.04
folks,1,6.04
points,48,6.04
climbing,1,6.04
bass,1,6.04
approaches,127,6.04
purpose,3,6.04
express,2,6.04
acquired,7,6.04
hint,1,6.04
visible,4,6.04
interactive,23,6.04
expand,7,6.04
america's,1,6.04
solving,12,6.04
geographical,6,6.04
mind,4,6.04
prospective,7,6.04
numbers,7,6.04
supplies,1,6.04
perspective,28,6.04
acting,2,6.04
exact,22,6.04
accompanying,2,6.04
combinations,4,6.06
nation,2,6.06
fluid,1,6.06
associations,16,6.06
personal,14,6.06
certain,15,6.06
adults,6,6.06
brazilian,4,6.06
reflection,6,6.06
composition,13,6.06
legs,1,6.06
instruments,7,6.06
sports,10,6.06
distinct,67,6.06
equal,7,6.06
preparation,1,6.06
theories,16,6.06
wood,1,6.06
quantities,4,6.06
created,2,6.06
latest,3,6.06
landmark,3,6.06
flight,1,6.06
membership,7,6.06
straight,3,6.06
large,223,6.06
influences,9,6.06
host,4,6.06
facts,1,6.06
representation,104,6.06
updated,4,6.06
muscle,1,6.06
respective,2,6.06
gaze,8,6.06
historian,1,6.06
leads,16,6.06
see,10,6.06
attachment,1,6.06
composed,4,6.06
introduction,4,6.08
recognized,1,6.08
significance,1,6.08
specialist,2,6.08
message,9,6.08
help,9,6.08
neighbor,4,6.08
superior,21,6.08
validity,14,6.08
consensus,28,6.08
instant,3,6.08
velocity,5,6.08
grown,2,6.08
contact,17,6.08
significantly,75,6.08
housing,6,6.08
greek,4,6.08
rider,4,6.08
vehicle,5,6.08
integrated,30,6.08
reached,5,6.08
neighborhoods,8,6.08
shows,35,6.08
negotiate,1,6.08
drive,10,6.08
ma,5,6.08
our,482,6.08
numerous,6,6.08
recognize,5,6.08
belief,7,6.08
preserved,3,6.1
forward,19,6.1
check,1,6.1
markets,4,6.1
mirrors,4,6.1
comprehend,1,6.1
launched,1,6.1
open,31,6.1
window,18,6.1
investments,1,6.1
challenging,69,6.1
western,3,6.1
extending,9,6.1
electricity,13,6.1
guide,15,6.1
collection,7,6.1
november,1,6.1
increasingly,40,6.1
security,5,6.1
practically,2,6.1
know,2,6.1
readily,3,6.1
release,10,6.1
keeping,2,6.1
start,3,6.1
moments,1,6.1
justification,2,6.1
enters,4,6.1
precise,32,6.1
customers,3,6.1
ensure,5,6.12
study,204,6.12
exclusively,3,6.12
event,48,6.12
outcomes,49,6.12
studied,12,6.12
leaf,1,6.12
very,13,6.12
toward,60,6.12
focus,34,6.12
traditional,37,6.12
maps,42,6.12
digital,24,6.12
consideration,2,6.12
face,41,6.12
receives,3,6.13
conscious,5,6.14
offered,1,6.14
rock,3,6.14
models,705,6.14
believing,1,6.14
adult,1,6.14
restore,1,6.14
chemistry,5,6.14
basketball,1,6.14
strategies,84,6.14
updates,19,6.14
respectively,16,6.14
seed,2,6.14
mutual,11,6.14
plan,8,6.14
amsterdam,1,6.14
persons,3,6.14
eye,7,6.14
places,1,6.14
combination,9,6.14
successive,2,6.14
aviation,2,6.14
generate,51,6.14
dividends,1,6.14
thousands,5,6.14
strongly,14,6.14
arises,21,6.14
up,55,6.14
continuous,41,6.14
recovering,7,6.14
twin,1,6.14
principles,27,6.14
allowing,31,6.16
applying,28,6.16
enable,29,6.16
railway,6,6.16
included,6,6.16
minds,2,6.16
interactions,98,6.16
houses,1,6.16
planning,41,6.16
dictionary,4,6.16
bands,3,6.16
transportation,7,6.16
especially,32,6.16
automobile,1,6.16
narrative,25,6.16
providing,42,6.16
readers,3,6.16
engaged,2,6.16
south,7,6.16
people,19,6.16
crop,1,6.16
own,25,6.16
preference,37,6.17
land,3,6.18
established,17,6.18
expression,7,6.18
ate,4,6.18
www,1,6.18
survey,22,6.18
cultural,15,6.18
informed,10,6.18
awareness,13,6.18
steady,4,6.18
provided,14,6.18
balance,27,6.18
certificate,1,6.18
safety,24,6.18
miami,1,6.18
clearly,3,6.18
resolution,23,6.18
driving,29,6.18
walking,3,6.18
emotions,5,6.18
fishing,1,6.18
fully,52,6.18
profound,6,6.18
initiated,2,6.18
experiments,161,6.18
trade,5,6.18
transformed,10,6.18
trains,2,6.18
draws,1,6.18
dynamics,245,6.19
bubble,5,6.2
premier,2,6.2
faces,8,6.2
actor,3,6.2
recommendations,6,6.2
trading,7,6.2
proposals,4,6.2
ethical,1,6.2
protein,1,6.2
yields,53,6.2
dime,3,6.2
opening,4,6.2
arise,19,6.2
succession,1,6.2
plans,5,6.2
stable,50,6.2
phones,2,6.2
kingdom,3,6.2
think,4,6.2
engage,3,6.2
joining,1,6.2
lifted,1,6.2
listened,1,6.2
aesthetic,6,6.21
fit,9,6.22
thoughts,1,6.22
environment,38,6.22
all,120,6.22
contacts,8,6.22
advice,5,6.22
today,1,6.22
designs,10,6.22
logic,18,6.22
properly,2,6.22
contributions,20,6.22
meanings,1,6.22
styles,4,6.22
instrument,8,6.22
package,7,6.22
foundations,4,6.22
authors,7,6.22
social,157,6.22
treaty,1,6.22
evolution,40,6.22
architectural,27,6.22
farm,1,6.22
full,30,6.22
participation,5,6.22
accompanied,2,6.22
build,16,6.22
restoration,1,6.22
transformation,12,6.22
most,86,6.22
quest,1,6.22
answered,1,6.22
supports,21,6.22
produces,31,6.22
collective,50,6.23
strategy,74,6.24
options,5,6.24
writing,13,6.24
worlds,1,6.24
choice,8,6.24
aid,2,6.24
making,46,6.24
tip,1,6.24
possible,17,6.24
day,4,6.24
developments,3,6.24
updating,3,6.24
self,3,6.24
speed,19,6.24
insight,15,6.24
rises,2,6.24
enterprise,3,6.24
actors,1,6.24
proceeds,2,6.24
practical,49,6.24
show,267,6.24
horizon,2,6.24
websites,5,6.24
more,238,6.24
deliver,4,6.24
eyes,2,6.24
provides,118,6.24
answer,31,6.24
conversation,2,6.24
you,9,6.24
advances,30,6.24
built,30,6.24
proposed,91,6.24
proteins,1,6.25
lifetime,1,6.26
considerable,7,6.26
travelers,1,6.26
degree,31,6.26
appropriate,8,6.26
raising,6,6.26
team,11,6.26
cars,1,6.26
develop,60,6.26
us,26,6.26
prominent,3,6.26
events,32,6.26
magnetic,5,6.26
indian,6,6.26
mirror,5,6.26
allows,26,6.26
gave,2,6.26
upcoming,2,6.26
human,168,6.26
proved,2,6.26
produce,38,6.26
aims,18,6.27
observe,23,6.27
fairly,1,6.28
introduced,13,6.28
country,5,6.28
students,11,6.28
lead,8,6.28
themes,1,6.28
listening,2,6.28
community,19,6.28
white,7,6.28
professionals,8,6.28
experts,16,6.28
founded,1,6.28
website,4,6.28
thinking,21,6.28
market,14,6.28
begin,1,6.28
vehicles,5,6.28
england,1,6.28
monkey,2,6.28
tips,1,6.28
globe,1,6.28
reflect,17,6.28
sweden,1,6.28
emerging,18,6.28
technological,12,6.28
observation,28,6.29
calcium,7,6.29
expansion,19,6.3
designed,53,6.3
feeding,2,6.3
chess,1,6.3
clearer,2,6.3
visited,1,6.3
plane,7,6.3
suite,10,6.3
relations,12,6.3
sense,6,6.3
engineer,1,6.3
produced,22,6.3
atmosphere,1,6.3
clear,31,6.3
software,4,6.3
conversations,5,6.3
reasoning,296,6.3
flowing,1,6.3
sciences,6,6.3
metropolitan,3,6.3
connections,13,6.31
volumes,3,6.31
assembled,2,6.31
writers,3,6.32
resolve,12,6.32
democratic,1,6.32
reader,1,6.32
universal,25,6.32
agreement,20,6.32
commitment,2,6.32
arrive,2,6.32
arrival,2,6.32
ring,2,6.32
snow,1,6.32
design,96,6.32
sufficiently,8,6.32
remembered,1,6.32
date,3,6.32
offering,19,6.32
streams,9,6.32
importance,32,6.32
asian,1,6.32
selected,22,6.32
activity,80,6.32
sufficient,20,6.32
important,27,6.32
experiences,6,6.32
women's,3,6.32
published,10,6.32
deal,1,6.32
equilibrium,11,6.33
continuity,4,6.33
linguistic,23,6.34
completely,1,6.34
images,112,6.34
house,1,6.34
received,3,6.34
clouds,12,6.34
employ,11,6.34
illustrated,5,6.34
released,12,6.34
purchase,1,6.34
largest,17,6.34
september,1,6.34
scientists,3,6.34
experience,25,6.34
connected,10,6.34
football,2,6.34
wave,5,6.34
soon,3,6.34
exists,9,6.34
branches,1,6.35
revealed,13,6.35
rational,7,6.36
rain,2,6.36
technologies,19,6.36
april,2,6.36
rings,1,6.36
performed,10,6.36
developed,18,6.36
justified,1,6.36
mobile,13,6.36
logical,19,6.36
maintained,1,6.36
value,33,6.36
interest,12,6.36
teacher,14,6.36
architect,1,6.36
rise,2,6.36
acquire,4,6.36
guiding,5,6.36
employment,3,6.36
fashion,2,6.36
democracy,1,6.36
distinguished,1,6.36
original,24,6.36
definite,4,6.36
relation,25,6.36
obtained,24,6.36
imagined,3,6.36
explore,27,6.37
played,2,6.38
ownership,4,6.38
development,42,6.38
distinction,5,6.38
rocket,1,6.38
committed,1,6.38
bigger,1,6.38
we,1760,6.38
thought,7,6.38
contributing,7,6.38
increased,22,6.38
maximum,14,6.38
score,49,6.38
neighborhood,9,6.38
seeing,12,6.38
skills,12,6.38
meet,8,6.38
revenues,1,6.38
designers,1,6.38
faster,11,6.38
lottery,2,6.38
preserve,22,6.38
functional,72,6.38
craft,7,6.38
purely,13,6.39
enabled,5,6.39
seeds,7,6.39
sixteen,1,6.39
studies,62,6.4
gain,17,6.4
participate,1,6.4
launch,2,6.4
equally,7,6.4
tradition,1,6.4
educational,6,6.4
summer,1,6.4
younger,2,6.4
increasing,33,6.4
europe,12,6.4
waves,5,6.4
twins,1,6.4
light,9,6.4
provide,111,6.4
possibility,3,6.4
futures,1,6.4
electronic,2,6.4
altogether,1,6.4
generations,5,6.4
architecture,58,6.4
floating,1,6.4
adopt,13,6.4
visits,1,6.4
resolved,7,6.4
consciousness,20,6.4
drawings,1,6.4
poetry,2,6.4
destination,1,6.4
hats,1,6.41
interests,1,6.42
stream,13,6.42
partnership,1,6.42
feed,1,6.42
contribution,27,6.42
gaming,2,6.42
chat,1,6.42
curves,7,6.42
assist,2,6.42
remember,2,6.42
simply,7,6.42
environmental,28,6.42
band,4,6.42
portrait,1,6.42
india,9,6.42
delivered,1,6.42
familiar,2,6.44
satisfactory,1,6.44
earth,5,6.44
graphics,3,6.44
improve,52,6.44
teaching,1,6.44
revival,2,6.44
fast,24,6.44
languages,44,6.44
effectively,54,6.44
support,63,6.44
infinite,3,6.44
sis,2,6.44
scientific,52,6.44
professional,6,6.44
likely,14,6.44
increases,28,6.44
chance,5,6.44
draw,2,6.44
scoring,15,6.44
teachers,4,6.44
philosophy,3,6.44
phone,5,6.44
coast,1,6.44
remedy,5,6.45
recommended,2,6.46
functioning,4,6.46
activities,23,6.46
london,1,6.46
memory,91,6.46
goods,6,6.46
resource,26,6.46
resources,27,6.46
scored,5,6.46
research,144,6.46
higher,61,6.46
supporting,23,6.48
acoustic,10,6.48
perform,31,6.48
library,3,6.48
soft,8,6.48
always,6,6.48
boost,4,6.48
italian,2,6.48
story,6,6.48
instrumental,1,6.48
video,103,6.48
restored,1,6.48
information,189,6.48
answers,12,6.48
offers,35,6.48
modern,31,6.48
humble,1,6.48
relevant,31,6.49
grows,8,6.49
performing,11,6.5
fame,1,6.5
determined,4,6.5
starting,12,6.5
newly,5,6.5
deals,1,6.5
legend,1,6.5
newest,1,6.5
receive,2,6.5
chips,1,6.5
gives,5,6.5
contribute,12,6.5
mature,1,6.5
recipe,2,6.5
couples,4,6.5
leadership,6,6.5
interaction,84,6.51
eden,1,6.51
balanced,4,6.51
poem,2,6.52
communication,38,6.52
planet,4,6.52
brain,158,6.52
wings,1,6.52
phenomenon,14,6.52
compensation,4,6.52
read,4,6.52
ethics,2,6.52
prefer,3,6.52
ease,3,6.52
ambitious,2,6.52
literature,16,6.52
surf,1,6.52
world,32,6.52
extra,1,6.52
growing,19,6.52
initiative,1,6.52
videos,52,6.52
advantages,10,6.53
eager,1,6.54
done,2,6.54
visit,1,6.54
recognition,49,6.54
accepted,2,6.54
receiving,4,6.54
found,22,6.54
rising,3,6.54
give,5,6.54
asset,1,6.54
solar,9,6.54
ultimate,1,6.54
discovery,30,6.54
right,3,6.54
adoption,15,6.54
overcome,17,6.54
exercises,1,6.54
dawn,1,6.54
spontaneous,3,6.54
moral,17,6.54
able,6,6.56
natural,64,6.56
coupon,1,6.56
teach,1,6.56
increase,23,6.56
raised,5,6.56
progressive,6,6.56
preservation,10,6.56
worldwide,5,6.56
international,12,6.56
guidance,15,6.56
protection,6,6.56
film,1,6.56
understand,21,6.56
skill,4,6.57
advance,8,6.58
ready,1,6.58
available,80,6.58
understood,21,6.58
classical,53,6.58
relative,44,6.58
fish,2,6.58
solve,5,6.58
drawing,7,6.58
traditions,2,6.58
me,3,6.58
radio,1,6.58
english,24,6.58
student,12,6.58
language,287,6.58
preferred,3,6.58
classic,3,6.58
advanced,22,6.58
efficiency,69,6.59
protected,2,6.6
art,5,6.6
expressions,11,6.6
supported,12,6.6
conservation,4,6.6
desired,3,6.6
clothing,1,6.6
highly,43,6.6
therapeutic,1,6.6
helps,4,6.6
lime,3,6.6
suitable,10,6.6
proposal,7,6.6
popular,8,6.6
specialty,1,6.6
certainty,2,6.6
growth,35,6.6
beam,1,6.6
stimulation,18,6.61
simplicity,4,6.62
organized,8,6.62
performances,2,6.62
offer,27,6.62
varieties,1,6.62
rescue,2,6.62
vision,80,6.62
cameras,14,6.62
invest,1,6.62
stories,2,6.62
expert,24,6.64
solutions,24,6.64
recovery,26,6.64
promising,29,6.64
recovered,6,6.64
leading,37,6.64
recover,23,6.64
high,79,6.64
picture,5,6.64
care,15,6.64
tunes,1,6.64
bird,1,6.64
rhythm,1,6.65
raises,3,6.66
personality,3,6.66
career,6,6.66
assets,7,6.66
competent,2,6.66
motivation,2,6.66
communicate,6,6.66
accurate,44,6.67
possibilities,2,6.67
acceptable,2,6.67
novel,110,6.68
shares,4,6.68
forest,3,6.68
power,51,6.68
potential,56,6.68
desire,1,6.68
heritage,1,6.68
ability,44,6.68
animals,7,6.68
palace,2,6.68
living,3,6.68
famous,2,6.68
grow,5,6.68
landscape,15,6.68
well,53,6.68
greater,17,6.68
brains,15,6.69
believe,3,6.7
florida,5,6.7
learn,32,6.7
productive,1,6.7
water,3,6.7
treats,14,6.7
marriage,1,6.7
agree,3,6.7
valid,13,6.71
culture,5,6.72
online,49,6.72
creating,15,6.72
car,8,6.72
knowing,1,6.72
gallery,1,6.72
attract,2,6.72
confirmed,5,6.72
bike,1,6.72
revenue,2,6.72
finish,2,6.72
values,37,6.72
plays,5,6.72
civilization,6,6.72
lifelong,6,6.72
performance,258,6.74
american,2,6.74
technology,6,6.74
surprising,1,6.74
university,4,6.74
plant,4,6.74
raise,2,6.74
fine,3,6.74
convenient,2,6.74
capable,17,6.74
justice,3,6.74
complete,16,6.74
focused,21,6.74
treat,13,6.74
integrity,7,6.74
future,53,6.76
style,33,6.76
easy,5,6.76
top,17,6.76
america,1,6.76
humans,27,6.76
plus,1,6.76
effective,95,6.76
oxygen,1,6.76
seasons,1,6.76
creation,4,6.78
pool,7,6.78
museums,1,6.78
heartbeat,1,6.78
reading,3,6.78
worth,1,6.78
guaranteed,4,6.78
green,1,6.78
completion,15,6.78
share,15,6.78
effectiveness,31,6.78
variety,11,6.78
real,50,6.78
dreamer,1,6.8
highest,13,6.8
efficient,89,6.8
camera,38,6.8
air,7,6.8
smooth,12,6.8
elevated,3,6.8
shared,45,6.8
amazon,1,6.8
protect,1,6.8
novels,1,6.8
naturally,10,6.8
together,51,6.8
animal,5,6.8
experienced,2,6.82
active,37,6.82
significant,63,6.82
born,1,6.82
new,93,6.82
dedicated,6,6.82
young,4,6.82
surprisingly,2,6.82
heal,1,6.82
create,6,6.82
gains,51,6.82
completed,1,6.82
first,145,6.82
solution,24,6.84
universe,1,6.84
advantage,19,6.84
toy,2,6.84
discover,1,6.84
lol,1,6.84
accurately,25,6.84
belonging,1,6.84
live,4,6.84
understanding,115,6.84
movie,4,6.84
woman,1,6.84
improvement,27,6.86
cooperative,10,6.86
paris,2,6.86
relationships,34,6.86
greatly,3,6.86
grace,1,6.86
recipes,3,6.86
truly,4,6.86
guarantee,10,6.86
acceptance,6,6.86
improved,38,6.86
science,48,6.86
independent,28,6.86
infants,5,6.88
pure,6,6.88
female,4,6.88
email,2,6.88
photo,6,6.88
accuracy,144,6.88
valued,1,6.88
saved,2,6.88
education,15,6.88
encourage,4,6.9
clean,13,6.9
stability,51,6.9
dynamic,83,6.9
infant,6,6.9
learning,290,6.92
secure,3,6.92
youtube,5,6.92
promote,12,6.92
fitness,3,6.92
game,29,6.92
learned,35,6.92
correctly,7,6.94
piano,1,6.94
sea,2,6.94
outdoor,2,6.94
photos,1,6.94
present,129,6.96
improving,34,6.96
fair,9,6.96
songs,1,6.96
saving,2,6.96
benefit,13,6.96
ocean,3,6.96
vanilla,3,6.96
elegant,2,6.96
rome,2,6.98
wildlife,2,6.98
trees,5,6.98
unique,18,6.98
goals,16,6.98
ideal,5,6.98
trips,8,6.98
cooperation,34,6.98
approval,1,6.98
intellectual,1,6.98
giving,1,6.98
harmony,1,7.0
trip,5,7.0
color,18,7.0
discovered,2,7.0
colors,4,7.0
better,53,7.0
reliable,43,7.0
productivity,11,7.02
correct,15,7.02
olympics,2,7.02
wisdom,1,7.02
easily,7,7.02
goal,11,7.02
relationship,24,7.04
scholarship,1,7.04
safe,12,7.04
loyalty,1,7.04
impressive,9,7.04
favorite,1,7.04
strong,89,7.06
idea,16,7.06
talent,2,7.06
sharing,5,7.06
powerful,20,7.08
improvements,33,7.08
true,11,7.08
memories,3,7.08
pet,1,7.08
cooking,1,7.08
desirable,2,7.08
computers,2,7.1
quality,91,7.1
useful,17,7.1
resort,1,7.1
plants,1,7.1
stars,1,7.1
freely,4,7.1
birth,1,7.12
inspire,2,7.12
tree,7,7.12
children,1,7.12
partners,2,7.12
stronger,28,7.12
valuable,6,7.12
women,1,7.12
playing,2,7.14
opportunity,3,7.14
paid,1,7.14
home,1,7.14
ideas,10,7.16
sleep,2,7.16
abundant,3,7.16
attracted,3,7.16
rest,3,7.18
promise,6,7.18
best,30,7.18
genuine,5,7.18
helping,3,7.18
travel,14,7.18
benefits,13,7.2
google,4,7.2
presents,24,7.2
special,6,7.2
good,9,7.2
libraries,1,7.2
like,30,7.22
energy,65,7.22
confidence,16,7.22
appreciate,1,7.22
star,3,7.22
trust,12,7.22
films,1,7.22
relaxed,1,7.22
health,29,7.22
encouraging,3,7.22
musical,1,7.22
companion,1,7.24
reward,38,7.24
knowledge,130,7.24
kind,1,7.24
helpful,3,7.24
computer,19,7.24
nature,28,7.24
book,1,7.24
impressed,1,7.24
fresh,1,7.26
millions,7,7.26
savings,2,7.26
divine,1,7.26
dreaming,1,7.26
play,8,7.26
progress,34,7.26
employed,5,7.28
independence,2,7.28
couple,1,7.3
luxury,1,7.3
money,1,7.3
intelligence,59,7.3
remarkable,21,7.3
games,37,7.32
rose,1,7.32
life,7,7.32
united,7,7.32
respect,10,7.34
movies,1,7.34
satisfy,9,7.34
intelligent,8,7.35
favorable,7,7.36
inspired,19,7.36
mothers,1,7.36
million,10,7.38
wealth,13,7.38
nice,1,7.38
hope,3,7.38
strength,22,7.4
blessing,1,7.4
creative,13,7.4
perfect,3,7.42
achieve,47,7.42
truth,16,7.42
lunch,1,7.42
surprise,2,7.42
food,12,7.44
sex,2,7.44
opportunities,4,7.46
internet,5,7.48
attractive,2,7.48
smart,5,7.48
profits,1,7.48
extraordinary,1,7.5
comfort,1,7.5
peaceful,1,7.5
faithful,16,7.51
interesting,2,7.52
diamond,3,7.52
relaxing,1,7.52
families,22,7.54
billion,4,7.56
gold,3,7.56
flowers,1,7.56
easier,1,7.56
achieved,23,7.56
succeeding,1,7.58
party,5,7.58
income,12,7.58
achievement,1,7.58
bright,1,7.62
successfully,11,7.62
profit,1,7.66
friendly,2,7.66
super,3,7.68
mother,2,7.68
relax,3,7.7
family,20,7.72
succeed,2,7.76
sky,2,7.76
beauty,1,7.76
winner,2,7.78
positive,20,7.8
celebrated,1,7.8
sun,1,7.8
attraction,1,7.82
peace,6,7.86
success,19,7.86
flower,1,7.88
great,5,7.88
freedom,4,7.9
beach,4,7.94
free,11,7.96
friendship,3,7.96
rich,22,7.98
healthy,19,8.02
music,17,8.02
winning,1,8.04
successful,6,8.16
excellent,4,8.18
happy,2,8.3
love,1,8.42
happiness,1,8.44
